[
  {
    "id": 1,
    "title": "The Shawshank Redemption",
    "year": 1994,
    "genre": [
      "Drama"
    ],
    "rating": 9.3,
    "director": "Frank Darabont",
    "actors": [
      "Tim Robbins",
      "Morgan Freeman"
    ],
    "plot": "Two imprisoned men bond over several years, finding solace and eventual redemption through acts of common decency.",
    "poster": "images/movie-1.jpg",
    "trailer": "https://www.youtube.com/embed/I6eIox2vOiA",
    "runtime": 142,
    "awards": "Nominated for 7 Oscars",
    "country": "USA",
    "language": "English",
    "boxOffice": "$28.3 million",
    "production": "Columbia Pictures",
    "website": "http://www.warnerbros.com/movies/shawshank-redemption"
  },
  {
    "id": 2,
    "title": "The Godfather",
    "year": 1972,
    "genre": [
      "Crime",
      "Drama"
    ],
    "rating": 9.2,
    "director": "Francis Ford Coppola",
    "actors": [
      "Marlon Brando",
      "Al Pacino",
      "James Caan"
    ],
    "plot": "The aging patriarch of an organized crime dynasty transfers control of his clandestine empire to his reluctant son.",
    "poster": "images/movie-2.jpg",
    "trailer": "https://www.youtube.com/embed/YtYkom8q3MA",
    "runtime": 175,
    "awards": "Won 3 Oscars",
    "country": "USA",
    "language": "English",
    "boxOffice": "$245.1 million",
    "production": "Paramount Pictures",
    "website": "https://www.paramountmovies.com/movies/the-godfather"
  },
  {
    "id": 3,
    "title": "The Dark Knight",
    "year": 2008,
    "genre": [
      "Action",
      "Crime",
      "Drama"
    ],
    "rating": 9,
    "director": "Christopher Nolan",
    "actors": [
      "Christian Bale",
      "Heath Ledger",
      "Gary Oldman"
    ],
    "plot": "When the menace known as the Joker wreaks havoc and chaos on the people of Gotham, Batman must accept one of the greatest psychological and physical tests of his ability to fight injustice.",
    "poster": "images/movie-3.jpg",
    "trailer": "https://www.youtube.com/embed/nWMbcamVl7Y",
    "runtime": 152,
    "awards": "Won 2 Oscars",
    "country": "USA",
    "language": "English",
    "boxOffice": "$1.005 billion",
    "production": "Warner Bros. Pictures",
    "website": "https://www.warnerbros.com/movies/dark-knight"
  },
  {
    "id": 4,
    "title": "Pulp Fiction",
    "year": 1994,
    "genre": [
      "Crime",
      "Drama"
    ],
    "rating": 8.9,
    "director": "Quentin Tarantino",
    "actors": [
      "John Travolta",
      "Uma Thurman",
      "Samuel L. Jackson"
    ],
    "plot": "The lives of two mob hitmen, a boxer, a gangster's wife, and a pair of diner bandits intertwine in four tales of violence and redemption.",
    "poster": "images/movie-4.jpg",
    "trailer": "https://www.youtube.com/embed/9zG9RuJb3QU",
    "runtime": 154,
    "awards": "Won 1 Oscar",
    "country": "USA",
    "language": "English",
    "boxOffice": "$213.9 million",
    "production": "Miramax Films",
    "website": "https://www.miramax.com/movie/pulp-fiction"
  },
  {
    "id": 5,
    "title": "Forrest Gump",
    "year": 1994,
    "genre": [
      "Drama",
      "Romance"
    ],
    "rating": 8.8,
    "director": "Robert Zemeckis",
    "actors": [
      "Tom Hanks",
      "Robin Wright",
      "Gary Sinise"
    ],
    "plot": "The presidencies of Kennedy and Johnson, the events of Vietnam, Watergate, and other historical events unfold through the perspective of an Alabama man with an IQ of 75.",
    "poster": "images/movie-5.jpg",
    "trailer": "https://www.youtube.com/embed/w20aHhlRjDc",
    "runtime": 142,
    "awards": "Won 6 Oscars",
    "country": "USA",
    "language": "English",
    "boxOffice": "$677.9 million",
    "production": "Paramount Pictures",
    "website": "https://www.paramountmovies.com/movies/forrest-gump"
  },
  {
    "id": 6,
    "title": "Inception",
    "year": 2010,
    "genre": [
      "Action",
      "Adventure",
      "Sci-Fi"
    ],
    "rating": 8.8,
    "director": "Christopher Nolan",
    "actors": [
      "Leonardo DiCaprio",
      "Joseph Gordon-Levitt",
      "Ellen Page"
    ],
    "plot": "A thief who steals corporate secrets through the use of dream-sharing technology is given the inverse task of planting an idea into the mind of a C.E.O.",
    "poster": "images/movie-6.jpg",
    "trailer": "https://www.youtube.com/embed/Nt77K5TrJ_4",
    "runtime": 148,
    "awards": "Won 4 Oscars",
    "country": "USA",
    "language": "English",
    "boxOffice": "$829.9 million",
    "production": "Warner Bros. Pictures",
    "website": "https://www.warnerbros.com/movies/inception"
  },
  {
    "id": 7,
    "title": "The Matrix",
    "year": 1999,
    "genre": [
      "Action",
      "Sci-Fi"
    ],
    "rating": 8.7,
    "director": "Lana Wachowski, Lilly Wachowski",
    "actors": [
      "Keanu Reeves",
      "Laurence Fishburne",
      "Carrie-Anne Moss"
    ],
    "plot": "A computer hacker learns from mysterious rebels about the true nature of his reality and his role in the war against its controllers.",
    "poster": "images/movie-7.jpg",
    "trailer": "https://www.youtube.com/embed/DXwa8DKIK7g",
    "runtime": 136,
    "awards": "Won 4 Oscars",
    "country": "USA",
    "language": "English",
    "boxOffice": "$463.5 million",
    "production": "Warner Bros. Pictures",
    "website": "https://www.warnerbros.com/movies/matrix"
  },
  {
    "id": 8,
    "title": "The Lord of the Rings: The Return of the King",
    "year": 2003,
    "genre": [
      "Adventure",
      "Drama",
      "Fantasy"
    ],
    "rating": 8.9,
    "director": "Peter Jackson",
    "actors": [
      "Elijah Wood",
      "Viggo Mortensen",
      "Ian McKellen"
    ],
    "plot": "Gandalf and Aragorn lead the World of Men against Sauron's army to draw his gaze from Frodo and Sam as they approach Mount Doom with the One Ring.",
    "poster": "images/movie-2.jpg",
    "trailer": "https://www.youtube.com/embed/LQCpNqVa3LU",
    "runtime": 201,
    "awards": "Won 11 Oscars",
    "country": "USA",
    "language": "English",
    "boxOffice": "$1.142 billion",
    "production": "New Line Cinema",
    "website": "https://www.lordoftherings.net/film/the-return-of-the-king"
  },
  {
    "id": 9,
    "title": "The Dark Knight Rises",
    "year": 2012,
    "genre": [
      "Action",
      "Thriller"
    ],
    "rating": 8.4,
    "director": "Christopher Nolan",
    "actors": [
      "Christian Bale",
      "Tom Hardy"
    ],
    "plot": "Eight years after the Joker's reign of anarchy, Batman is forced out of retirement to save Gotham City from the brutal guerrilla terrorist Bane.",
    "poster": "images/movie-10.jpg",
    "trailer": "https://www.youtube.com/embed/9Msxc8AiTrc",
    "runtime": 165,
    "awards": "Nominated for 2 Oscars",
    "country": "USA",
    "language": "English",
    "boxOffice": "$1.081 billion",
    "production": "Warner Bros. Pictures",
    "website": "http://www.warnerbros.com/movies/the-dark-knight-rises"
  },
  {
    "id": 10,
    "title": "Interstellar",
    "year": 2014,
    "genre": [
      "Adventure",
      "Drama",
      "Sci-Fi"
    ],
    "rating": 8.6,
    "director": "Christopher Nolan",
    "actors": [
      "Matthew McConaughey",
      "Anne Hathaway"
    ],
    "plot": "A team of explorers travel through a wormhole in space in an attempt to ensure humanity's survival.",
    "poster": "images/movie-11.jpg",
    "trailer": "https://www.youtube.com/embed/sOXZ5Oetua8",
    "runtime": 169,
    "awards": "Won 1 Oscar",
    "country": "USA",
    "language": "English",
    "boxOffice": "$677.5 million",
    "production": "Paramount Pictures",
    "website": "http://www.paramount.com/movies/interstellar"
  },
  {
    "id": 11,
    "title": "Fight Club",
    "year": 1999,
    "genre": [
      "Drama"
    ],
    "rating": 8.8,
    "director": "David Fincher",
    "actors": [
      "Brad Pitt",
      "Edward Norton",
      "Helena Bonham Carter"
    ],
    "plot": "An insomniac office worker and a devil-may-care soapmaker form an underground fight club that evolves into something much, much more.",
    "poster": "images/movie-12.jpg",
    "trailer": "https://www.youtube.com/embed/twCa_m7CwhE",
    "runtime": 139,
    "awards": "Nominated for 1 Oscar",
    "country": "USA",
    "language": "English",
    "boxOffice": "$100.9 million",
    "production": "20th Century Fox",
    "website": "https://www.foxmovies.com/movies/fight-club"
  },
  {
    "id": 12,
    "title": "Gladiator",
    "year": 2000,
    "genre": [
      "Action",
      "Adventure",
      "Drama"
    ],
    "rating": 8.5,
    "director": "Ridley Scott",
    "actors": [
      "Russell Crowe",
      "Joaquin Phoenix",
      "Connie Nielsen"
    ],
    "plot": "A former Roman General sets out to exact vengeance against the corrupt emperor who murdered his family and sent him into slavery.",
    "poster": "images/movie-19.jpg",
    "trailer": "https://www.youtube.com/embed/yuN_4DTEaWU",
    "runtime": 155,
    "awards": "Won 5 Oscars",
    "country": "USA",
    "language": "English",
    "boxOffice": "$460.5 million",
    "production": "DreamWorks Pictures",
    "website": "https://www.dreamworks.com/movies/gladiator"
  },
  {
    "id": 13,
    "title": "The Lord of the Rings: The Two Towers",
    "year": 2002,
    "genre": [
      "Adventure",
      "Drama",
      "Fantasy"
    ],
    "rating": 8.7,
    "director": "Peter Jackson",
    "actors": [
      "Elijah Wood",
      "Ian McKellen",
      "Viggo Mortensen"
    ],
    "plot": "While Frodo and Sam edge closer to Mordor with the help of the shifty Gollum, the divided fellowship makes a stand against Sauron's new ally, Saruman, and his hordes of Isengard.",
    "poster": "images/movie-14.jpg",
    "trailer": "https://www.youtube.com/embed/yuN_4DTEaWU",
    "runtime": 179,
    "awards": "Won 2 Oscars",
    "country": "USA",
    "language": "English",
    "boxOffice": "$951.2 million",
    "production": "New Line Cinema",
    "website": "https://www.lordoftherings.net/film/the-two-towers"
  },
  {
    "id": 14,
    "title": "The Silence of the Lambs",
    "year": 1991,
    "genre": [
      "Crime",
      "Drama",
      "Thriller"
    ],
    "rating": 8.6,
    "director": "Jonathan Demme",
    "actors": [
      "Jodie Foster",
      "Anthony Hopkins",
      "Lawrence A. Bonney"
    ],
    "plot": "A young F.B.I. cadet must receive the help of an incarcerated and manipulative cannibal killer to help catch another serial killer, a madman who skins his victims.",
    "poster": "images/movie-14.jpg",
    "trailer": "https://www.youtube.com/embed/CmJKcVc3-U0",
    "runtime": 118,
    "awards": "Won 5 Oscars",
    "country": "USA",
    "language": "English",
    "boxOffice": "$272.7 million",
    "production": "Orion Pictures",
    "website": "https://www.mgm.com/movies/the-silence-of-the-lambs"
  },
  {
    "id": 15,
    "title": "The Departed",
    "year": 2006,
    "genre": [
      "Crime",
      "Drama",
      "Thriller"
    ],
    "rating": 8.5,
    "director": "Martin Scorsese",
    "actors": [
      "Leonardo DiCaprio",
      "Matt Damon",
      "Jack Nicholson"
    ],
    "plot": "An undercover cop and a mole in the police attempt to identify each other while infiltrating an Irish gang in South Boston.",
    "poster": "images/movie-15.jpg",
    "trailer": "https://www.youtube.com/embed/gVaJulIZmXo",
    "runtime": 151,
    "awards": "Won 4 Oscars",
    "country": "USA",
    "language": "English",
    "boxOffice": "$289.8 million",
    "production": "Warner Bros. Pictures",
    "website": "https://www.warnerbros.com/movies/departed"
  },
  {
    "id": 16,
    "title": "Saving Private Ryan",
    "year": 1998,
    "genre": [
      "Drama",
      "War"
    ],
    "rating": 8.6,
    "director": "Steven Spielberg",
    "actors": [
      "Tom Hanks",
      "Matt Damon",
      "Tom Sizemore"
    ],
    "plot": "Following the Normandy Landings, a group of U.S. soldiers go behind enemy lines to retrieve a paratrooper whose brothers have been killed in action.",
    "poster": "images/movie-16.jpg",
    "trailer": "https://www.youtube.com/embed/CmJKcVc3-U0",
    "runtime": 169,
    "awards": "Won 5 Oscars",
    "country": "USA",
    "language": "English",
    "boxOffice": "$482.3 million",
    "production": "DreamWorks Pictures",
    "website": "https://www.dreamworks.com/movies/saving-private-ryan"
  }
]